<?xml version="1.0" encoding="utf-8"?>

<?S100lineage source="S101-PSWG" format="S100Ed2" version="1.0" creationDate="2024-05-01"?>
<?S100Meta name="CHRVDEL2" exposition="This object has been deleted by an automatic update"?>
<ls:lineStyle xmlns:ls="http://www.iho.int/S100LineStyle/5.2">
   <intervalLength>11</intervalLength>
   <pen width="0.32">
      <color>CHCOR</color>
   </pen>
   <dash>
      <start>0</start>
      <length>11</length>
   </dash>
   <symbol reference="EMCHRVD1">
      <position>7</position>
   </symbol>
</ls:lineStyle>
