<?xml version="1.0" encoding="utf-8"?>

<?S100lineage source="dKartOffice" format="S100Ed2" version="0.1" creationDate="2022-08-17"?>
<?S100Meta name="DSCWTR51" exposition="boundary of discoloured area"?>
<ls:lineStyle xmlns:ls="http://www.iho.int/S100LineStyle/5.2">
   <intervalLength>32.3</intervalLength>
   <pen width="0.32">
      <color>CHGRD</color>
   </pen>
   <dash>
      <start>2</start>
      <length>6</length>
   </dash>
   <dash>
      <start>18.2</start>
      <length>6</length>
   </dash>
   <dash>
      <start>26.2</start>
      <length>6</length>
   </dash>
   <symbol reference="EMAREGR1">
      <position>5</position>
   </symbol>
   <symbol reference="EMDSCWTR">
      <position>13.1</position>
   </symbol>
   <symbol reference="EMAREGR1">
      <position>21.2</position>
   </symbol>
   <symbol reference="EMAREGR1">
      <position>29.3</position>
   </symbol>
</ls:lineStyle>
