<?xml version="1.0" encoding="utf-8"?>

<?S100lineage source="S52Preslib4.0" format="S100Ed2" version="0.1" creationDate="2015-03-13"?>
<?S100Meta name="ERBLNA01" exposition="electronic range/bearing line, dash"?>
<ls:lineStyle xmlns:ls="http://www.iho.int/S100LineStyle/5.2">
   <intervalLength>24.2</intervalLength>
   <pen width="0.64">
      <color>NINFO</color>
   </pen>
   <dash>
      <start>2.2</start>
      <length>10</length>
   </dash>
   <dash>
      <start>14.2</start>
      <length>10</length>
   </dash>
</ls:lineStyle>
