<?xml version="1.0" encoding="utf-8"?>
<?S100lineage source="S52Preslib4.0" format="S100Ed2" version="0.1" creationDate="2015-03-13"?>
<?S100Meta name="ESSARE01" exposition="boundary of an ESSA or PSSA"?>
<ls:lineStyle xmlns:ls="http://www.iho.int/S100LineStyle/5.2">
   <intervalLength>5</intervalLength>
   <pen width="0.32">
      <color>CHMGF</color>
   </pen>
   <dash>
      <start>2</start>
      <length>3</length>
   </dash>
   <symbol reference="EMESSA01">
      <position>3.5</position>
   </symbol>
</ls:lineStyle>
