<?xml version="1.0" encoding="utf-8"?>

<?S100lineage source="S52Preslib4.0" format="S100Ed2" version="0.1" creationDate="2015-03-13"?>
<?S100Meta name="FERYRT01" exposition="ferry route"?>
<ls:lineStyle xmlns:ls="http://www.iho.int/S100LineStyle/5.2">
   <intervalLength>22</intervalLength>
   <pen width="0.32">
      <color>CHMGD</color>
   </pen>
   <dash>
      <start>14.2</start>
      <length>2.9</length>
   </dash>
   <dash>
      <start>5.1</start>
      <length>-3.1</length>
   </dash>
   <dash>
      <start>19.1</start>
      <length>2.9</length>
   </dash>
   <symbol reference="EMFEYRT1">
      <position>9.6</position>
   </symbol>
</ls:lineStyle>
