<?xml version="1.0" encoding="utf-8"?>

<?S100lineage source="S52Preslib4.0" format="S100Ed2" version="0.1" creationDate="2015-03-13"?>
<?S100Meta name="FSHFAC02" exposition="fishing stakes"?>
<ls:lineStyle xmlns:ls="http://www.iho.int/S100LineStyle/5.2">
   <intervalLength>2.4</intervalLength>
   <pen width="0.32">
      <color>CHGRD</color>
   </pen>
   <dash>
      <start>0.4</start>
      <length>2</length>
   </dash>
   <symbol reference="EMFSHFA1">
      <position>2.4</position>
   </symbol>
</ls:lineStyle>
