<?xml version="1.0" encoding="utf-8" standalone="no"?>
<?S100lineage source="S52Preslib4.0" format="S100Ed2" version="0.1" creationDate="2015 - 03 - 13"?>
<?S100Meta name="PILPNT01" exposition="Category of Pile = 5 & 6"?>
<ls:lineStyle  xmlns:ls="http://www.iho.int/S100LineStyle/5.2" offset="0">
<intervalLength>12</intervalLength>
 <pen width="0.32">
   <color>CHGRD</color>
 </pen>
 <dash>
   <start>0</start>
   <length>6</length>
 </dash>
 <symbol reference="PILPNT02">
   <position>9</position>
 </symbol>
</ls:lineStyle>
