<?xml version="1.0" encoding="utf-8"?>

<?S100lineage source="S52Preslib4.0" format="S100Ed2" version="0.1" creationDate="2015-03-13"?>
<?S100Meta name="QUESMRK1" exposition="object which is not sufficiently described to be symbolized, or for which no symbol exists in the symbol library"?>
<ls:lineStyle xmlns:ls="http://www.iho.int/S100LineStyle/5.2">
   <intervalLength>17.5</intervalLength>
   <pen width="0.64">
      <color>CHMGD</color>
   </pen>
   <dash>
      <start>2</start>
      <length>3</length>
   </dash>
   <dash>
      <start>7</start>
      <length>3</length>
   </dash>
   <dash>
      <start>14.6</start>
      <length>3</length>
   </dash>
   <symbol reference="EMQUESM1">
      <position>11.4</position>
   </symbol>
</ls:lineStyle>
