<?xml version="1.0" encoding="UTF-8"?>
<S128:Dataset xmlns:S128="http://www.iho.int/S128/2.0" xmlns="http://www.iho.int/S128/2.0" xmlns:xsi="http://www.w3.org/2001/XMLSchema-instance" xmlns:gml="http://www.opengis.net/gml/3.2" xmlns:S100="http://www.iho.int/s100gml/5.0" xmlns:s100_profile="http://www.iho.int/S-100/profile/s100_gmlProfile" xmlns:xlink="http://www.w3.org/1999/xlink" xsi:schemaLocation="http://www.iho.int/S128/gml/2.0 S128-Schema.xsd" gml:id="CNP00001">
	<S100:DatasetIdentificationInformation>
		<S100:encodingSpecification>S-100 Part 10b</S100:encodingSpecification>
		<S100:encodingSpecificationEdition>2.0</S100:encodingSpecificationEdition>
		<S100:productIdentifier>S-128</S100:productIdentifier>
		<S100:productEdition>2.0</S100:productEdition>
		<S100:applicationProfile>1</S100:applicationProfile>
		<S100:datasetFileIdentifier>S128_TDS</S100:datasetFileIdentifier>
		<S100:datasetTitle>Catalogue of Nautical Products</S100:datasetTitle>
		<S100:datasetReferenceDate>2024-07-17</S100:datasetReferenceDate>
		<S100:datasetLanguage>eng</S100:datasetLanguage>
		<S100:datasetTopicCategory>oceans</S100:datasetTopicCategory>
		<S100:datasetPurpose>base</S100:datasetPurpose>
		<S100:updateNumber>1</S100:updateNumber>
	</S100:DatasetIdentificationInformation>
	<S128:members>
		<S128:ElectronicProduct gml:id="ID0002">
			<S128:catalogueElementClassification>ENC</S128:catalogueElementClassification>
			<S128:notForNavigation>true</S128:notForNavigation>
			<S128:productNumber>US5ME1AD</S128:productNumber>
			<S128:timeIntervalOfProduct>
				<S128:issueDate>2021-01-29</S128:issueDate>
				<S128:issuanceCycle>
					<S128:timeIntervalOfCycle>
						<S128:typeOfTimeIntervalUnit code="3">month</S128:typeOfTimeIntervalUnit>
						<S128:valueOfTime>9</S128:valueOfTime>
					</S128:timeIntervalOfCycle>
				</S128:issuanceCycle>
			</S128:timeIntervalOfProduct>
			<S128:editionNumber>1</S128:editionNumber>
			<S128:specificUsage code="5">Navigational Purpose Harbour</S128:specificUsage>
			<S128:datasetName>S-57 Transfer Standard for Digital Hydrographic Data</S128:datasetName>
			<S128:encodingFormat code="1">ISO/IEC 8211</S128:encodingFormat>
			<S128:issueDate>2021-01-29</S128:issueDate>
			<S128:typeOfProductFormat code="2">ISO/IEC 8211</S128:typeOfProductFormat>
			<S128:productSpecification>
				<S128:date>2000-11-29</S128:date>
				<S128:name>S-57 Transfer Standard for Digital Hydrographic Data</S128:name>
				<S128:version>3.1</S128:version>
			</S128:productSpecification>
			<S128:elementContainer xlink:href="#CNP00008" xlink:arcrole="http://www.iho.int/S128/gml/1.2/roles/elementContainer"/>
			<S128:geometry>
				<S100:surfaceProperty>
					<S100:Surface gml:id="Geometry.CNP00002" srsName="urn:ogc:def:crs:EPSG:4326">
						<gml:patches>
							<gml:PolygonPatch>
								<gml:exterior>
									<gml:LinearRing>
										<gml:posList>27.1682608130108 119.999999966667 119.999999966667 44.4997898091453 135.553333366667 44.4997898091453 135.553333366667 27.1682608130108 119.999999966667 27.1682608130108</gml:posList>
									</gml:LinearRing>
								</gml:exterior>
							</gml:PolygonPatch>
						</gml:patches>
					</S100:Surface>
				</S100:surfaceProperty>
			</S128:geometry>
		</S128:ElectronicProduct>
		<S128:ElectronicProduct gml:id="ID0003">
			<S128:catalogueElementClassification>ENC</S128:catalogueElementClassification>
			<S128:notForNavigation>true</S128:notForNavigation>
			<S128:editionNumber>1</S128:editionNumber>
			<S128:productNumber>101IT00500000082B</S128:productNumber>
			<S128:navigationPurpose code="1">port</S128:navigationPurpose>
			<S128:specificUsage code="6">Navigational Purpose Berthing</S128:specificUsage>
			<S128:updateDate>2023-10-04</S128:updateDate>
			<S128:updateNumber>0</S128:updateNumber>
			<S128:compressionFlag>false</S128:compressionFlag>
			<S128:datasetName>S-101</S128:datasetName>
			<S128:encodingFormat code="1">ISO/IEC 8211</S128:encodingFormat>
			<S128:issueDate>2023-10-04</S128:issueDate>
			<S128:typeOfProductFormat code="2">ISO/IEC 8211</S128:typeOfProductFormat>
			<S128:productSpecification>
				<S128:date>2022-07-12</S128:date>
				<S128:name>S-101</S128:name>
				<S128:version>010100</S128:version>
			</S128:productSpecification>
			<S128:elementContainer xlink:href="CNP00008" xlink:arcrole="http://www.iho.int/S128/gml/1.2/roles/elementContainer"/>
			<S128:geometry>
				<S100:surfaceProperty>
					<S100:Surface gml:id="Geometry.CNP00003" srsName="urn:ogc:def:crs:EPSG:4326">
						<gml:patches>
							<gml:PolygonPatch>
								<gml:exterior>
									<gml:LinearRing>
										<gml:posList>13.8517865 40.7385948 13.8517865 40.7394948 13.8517865 40.7394948 13.8517865 40.7406786 13.8517865 40.7406786 13.8517865 40.7408154  13.8517865 40.7408154 13.8517865 40.7412548 13.8517865 40.7412548 13.8517865 40.7415806 13.8517865 40.7415806 13.8517865 40.7431409 13.8517865 40.7431409 13.8517865 40.7455571 13.8517865 40.7455571 13.8517865 40.7458206 13.8517865 40.7458206 13.8517865 40.7463125 13.8517865 40.7463125 13.8517865 40.7468358 13.856092 40.7468358 13.856092 40.7468358 13.8613113 40.7468358 13.8613113 40.7468358 13.8619905 40.7468358 13.8619905 40.7468358 13.8626913 40.7468358 13.8626913 40.7468358 13.8648292 40.7468358 13.8648292 40.7468358 13.8649813 40.7468358 13.8649813 40.7468358 13.8660445 40.7468358 13.8660445 40.7462484 13.8660445 40.7462484 13.8660445 40.746107 13.8660445 40.746107 13.8660445 40.7452385 13.8660445 40.7452385 13.8660445 40.7364722 13.8556389 40.7364722 13.8556389 40.7364722 13.8554971 40.7364722 13.8554971 40.7364722 13.8553112 40.7364722 13.8553112 40.7364722 13.8521079 40.7364722 13.8521079 40.7364722 13.8517865 40.7364722 13.8517865 40.7376918 13.8517865 40.7376918 13.8517865 40.7385948</gml:posList>
									</gml:LinearRing>
								</gml:exterior>
							</gml:PolygonPatch>
						</gml:patches>
					</S100:Surface>
				</S100:surfaceProperty>
			</S128:geometry>
		</S128:ElectronicProduct>
		<S128:PhysicalProduct gml:id="CNP00004">
			<S128:catalogueElementClassification>Nautical Publication</S128:catalogueElementClassification>
			<S128:notForNavigation>true</S128:notForNavigation>
			<S128:featureName>
				<S128:language>eng</S128:language>
				<S128:name>Republic of Korea</S128:name>
			</S128:featureName>
			<S128:specificUsage code="1">Navigational Purpose Overview</S128:specificUsage>
			<S128:editionDate>2018-10-22</S128:editionDate>
			<S128:editionNumber>2</S128:editionNumber>
			<S128:printInformation>
				<S128:printAgency>Korea Hydrographic and Oceanographic Agency</S128:printAgency>
				<S128:printYear>2018-02-11</S128:printYear>
				<S128:printSize>
					<S128:ISO216>A4</S128:ISO216>
				</S128:printSize>
			</S128:printInformation>
			<S128:elementContainer xlink:href="#CNP00008" xlink:arcrole="http://www.iho.int/S128/gml/1.2/roles/elementContainer"/>
			<S128:geometry>
				<S100:surfaceProperty>
					<S100:Surface gml:id="Geometry.CNP00004" srsName="urn:ogc:def:crs:EPSG:4326">
						<gml:patches>
							<gml:PolygonPatch>
								<gml:exterior>
									<gml:LinearRing>
										<gml:posList>119.999999966667 27.1682608130108 119.999999966667 44.4997898091453 135.553333366667 44.4997898091453 135.553333366667 27.1682608130108 119.999999966667 27.1682608130108</gml:posList>
									</gml:LinearRing>
								</gml:exterior>
							</gml:PolygonPatch>
						</gml:patches>
					</S100:Surface>
				</S100:surfaceProperty>
			</S128:geometry>
		</S128:PhysicalProduct>
		<S128:PhysicalProduct gml:id="CNP00005">
			<S128:catalogueElementClassification>Nautical Publication</S128:catalogueElementClassification>
			<S128:notForNavigation>true</S128:notForNavigation>
			<S128:editionNumber>2</S128:editionNumber>
			<S128:featureName>
				<S128:displayName>true</S128:displayName>
				<S128:name>Republic of Korea</S128:name>
			</S128:featureName>
			<S128:onlineResource>
				<S128:applicationProfile>Kinds of publications and Information Summary</S128:applicationProfile>
				<S128:linkage>http://www.khoa.go.kr/kcom/cnt/selectContentsPage.do?cntId=31305010</S128:linkage>
			</S128:onlineResource>
			<S128:specificUsage code="1">Navigational Purpose Overview</S128:specificUsage>
			<S128:editionDate>2018-10-15</S128:editionDate>
			<S128:editionNumber>2</S128:editionNumber>
			<S128:printInformation>
				<S128:printNation>KR</S128:printNation>
				<S128:printAgency>Korea Hydrographic and Oceanographic Agency</S128:printAgency>
				<S128:printYear>2018-10-12</S128:printYear>
				<S128:printSize>
					<S128:ISO216>A4</S128:ISO216>
				</S128:printSize>
			</S128:printInformation>
			<S128:theReference xlink:href="#ID0002" xlink:arcrole="http://www.iho.int/S128/gml/1.2.0/roles/theReference">
				<ProductMapping>
					<categoryOfProductMapping>higherPriorityAlternative</categoryOfProductMapping>
				</ProductMapping>
			</S128:theReference>
			<S128:elementContainer xlink:href="CNP00008" xlink:arcrole="http://www.iho.int/S128/gml/1.2/roles/elementContainer"/>
			<S128:geometry>
				<S100:surfaceProperty>
					<S100:Surface gml:id="Geometry.CNP00005" srsName="urn:ogc:def:crs:EPSG:4326">
						<gml:patches>
							<gml:PolygonPatch>
								<gml:exterior>
									<gml:LinearRing>
										<gml:posList>126.45 34.23 126.39 34.18 126.32 34.13 126.21 34.03 125.96 33.83 125.89 33.76 125.39 33.35 123.9 32.09 123.82 32.18 123.74 32.33 122.68 33.33 122.19 34.0 122.03 34.0 122.03 35.5 122.19 35.5 122.77 36.02 123.17 36.37 123.66 37.0 123.66 37.82 123.64 37.83 123.62 38.07 123.66 38.86 124.26 39.75 124.34 39.52 124.58 39.3 125.04 39.42 125.18 39.25 124.85 38.8 124.6 38.36 124.57 38.07 124.74 37.99 124.75 37.99 124.77 37.99 124.81 37.85 124.94 37.77 124.9 37.64 125.4 37.52 125.44 37.61 125.68 37.72 125.71 37.74 125.74 37.76 125.82 37.78 125.84 37.76 125.86 37.75 125.89 37.73 126.03 37.69 126.06 37.69 126.09 37.69 126.17 37.72 126.18 37.72 126.23 37.75 126.36 37.77 126.36 37.77 126.42 37.73 126.43 37.73 126.43 37.69 126.43 37.67 126.41 37.6 126.45 37.61 126.46 37.59 126.47 37.57 126.49 37.55 126.51 37.53 126.53 37.52 126.52 37.49 126.52 37.46 126.53 37.43 126.57 37.36 126.59 37.33 126.6 37.32 126.58 37.31 126.56 37.28 126.56 37.25 126.56 37.16 126.56 37.14 126.55 37.14 126.52 37.15 126.5 37.15 126.46 37.14 126.3 37.08 126.29 37.07 126.24 37.04 126.23 37.04 126.12 36.96 126.1 36.94 126.09 36.92 126.03 36.79 126.02 36.75 126.02 36.71 126.02 36.68 126.04 36.65 126.06 36.62 126.1 36.59 126.13 36.58 126.15 36.57 126.17 36.57 126.2 36.57 126.32 36.59 126.35 36.6 126.37 36.61 126.36 36.59 126.36 36.56 126.38 36.46 126.38 36.46 126.39 36.37 126.39 36.37 126.44 36.11 126.45 36.08 126.47 36.06 126.54 36.0 126.52 35.96 126.51 35.93 126.51 35.91 126.51 35.88 126.52 35.84 126.54 35.82 126.56 35.8 126.42 35.72 126.39 35.69 126.37 35.66 126.37 35.62 126.36 35.6 126.37 35.57 126.39 35.54 126.39 35.54 126.37 35.51 126.35 35.49 126.35 35.47 126.3 35.38 126.17 35.18 126.16 35.16 126.15 35.13 126.14 35.1 126.15 35.07 126.21 34.92 126.21 34.92 126.24 34.83 126.23 34.82 126.21 34.8 126.19 34.78 126.17 34.71 126.16 34.68 126.16 34.66 126.17 34.61 126.17 34.6 126.19 34.55 126.2 34.53 126.22 34.51 126.24 34.49 126.27 34.47 126.33 34.44 126.36 34.42 126.37 34.33 126.38 34.3 126.4 34.27 126.42 34.26 126.45 34.23</gml:posList>
									</gml:LinearRing>
								</gml:exterior>
							</gml:PolygonPatch>
						</gml:patches>
					</S100:Surface>
				</S100:surfaceProperty>
			</S128:geometry>
		</S128:PhysicalProduct>
		<S128:S100Service gml:id="CNP00006">
			<S128:catalogueElementClassification code="3">Water Level Product</S128:catalogueElementClassification>
			<S128:notForNavigation>false</S128:notForNavigation>
			<S128:purpose>newDataset</S128:purpose>
			<S128:featureName>
				<S128:name>104KR00KR4_G3B30_20220810_F24</S128:name>
			</S128:featureName>
			<S128:compressionFlag>false</S128:compressionFlag>
			<S128:encodingFormat code="3">HDF5</S128:encodingFormat>
			<S128:serviceStatus>released</S128:serviceStatus>
			<S128:typeOfProductFormat code="7">HDF-5</S128:typeOfProductFormat>
			<S128:productSpecification>
				<S128:date>2019-03-19</S128:date>
				<S128:name>S-104</S128:name>
				<S128:version>0.0.7</S128:version>
			</S128:productSpecification>
			<S128:elementContainer xlink:href="#CNP00008" xlink:arcrole="http://www.iho.int/S128/gml/1.2/roles/elementContainer"/>
			<S128:geometry>
				<S100:surfaceProperty>
					<S100:Surface gml:id="Geometry.CNP00006" srsName="urn:ogc:def:crs:EPSG:4326">
						<gml:patches>
							<gml:PolygonPatch>
								<gml:exterior>
									<gml:LinearRing>
										<gml:posList>129 35 129 35.5 129.5 35.5 129.5 35 129 35</gml:posList>
									</gml:LinearRing>
								</gml:exterior>
							</gml:PolygonPatch>
						</gml:patches>
					</S100:Surface>
				</S100:surfaceProperty>
			</S128:geometry>
		</S128:S100Service>
		<S128:DistributorInformation gml:id="CNP00007">
			<S128:distributorName>KHOA</S128:distributorName>
		</S128:DistributorInformation>
		<S128:CatalogueSectionHeader gml:id="CNP00008">
			<catalogueSectionNumber>5005</catalogueSectionNumber>
		</S128:CatalogueSectionHeader>
		<S128:ContactDetails gml:id="CNP00009">
			<contactInstructions>Indicate type of call at outset, such as “a new order” or “a change in an existing order”.</contactInstructions>
		</S128:ContactDetails>
		<S128:ProducerInformation gml:id="CNP00010">
			<agencyResponsibleForProduction>KHOA</agencyResponsibleForProduction>
		</S128:ProducerInformation>
	</S128:members>
</S128:Dataset>


